{"cameraMode":{"drawMode":0,"name":"Shaded","section":"Shading Mode"},"sceneLighting":false,"audioPlay":false,"sceneViewState":{"showFog":true,"showMaterialUpdate":true,"showSkybox":false,"showFlares":true,"showImageEffects":true,"showParticleSystems":true},"in2DMode":false,"pivot":{"x":-1.69679856300354,"y":1.8776311874389649,"z":0.0006129592657089233},"rotation":{"x":0.2755616307258606,"y":0.09210649132728577,"z":-0.026535509154200555,"w":0.9564929008483887},"size":1.5116159915924073,"orthographic":false}