{"cameraMode":{"drawMode":0,"name":"Shaded","section":"Shading Mode"},"sceneLighting":false,"audioPlay":false,"sceneViewState":{"showFog":true,"showMaterialUpdate":true,"showSkybox":false,"showFlares":true,"showImageEffects":true,"showParticleSystems":true},"in2DMode":false,"pivot":{"x":4.309999942779541,"y":1.3600000143051148,"z":4.420000076293945},"rotation":{"x":-0.2180292159318924,"y":0.6274221539497376,"z":-0.18915216624736787,"w":-0.723207950592041},"size":1.4660253524780274,"orthographic":false}