{"cameraMode":{"drawMode":0,"name":"Shaded","section":"Shading Mode"},"sceneLighting":true,"audioPlay":false,"sceneViewState":{"showFog":true,"showMaterialUpdate":true,"showSkybox":true,"showFlares":true,"showImageEffects":true,"showParticleSystems":true},"in2DMode":false,"pivot":{"x":64.17204284667969,"y":18.326688766479493,"z":13.83419418334961},"rotation":{"x":-0.12896813452243806,"y":0.6776521801948547,"z":-0.12247873842716217,"w":-0.7135546207427979},"size":10.512654304504395,"orthographic":false}