{"cameraMode":{"drawMode":0,"name":"Shaded","section":"Shading Mode"},"sceneLighting":false,"audioPlay":false,"sceneViewState":{"showFog":true,"showMaterialUpdate":true,"showSkybox":false,"showFlares":true,"showImageEffects":true,"showParticleSystems":true},"in2DMode":false,"pivot":{"x":4.258623123168945,"y":1.1679999828338624,"z":0.1364978849887848},"rotation":{"x":-0.6914945244789124,"y":-0.016903260722756387,"z":0.01618269458413124,"w":-0.7220138907432556},"size":6.607396125793457,"orthographic":false}