{"cameraMode":{"drawMode":0,"name":"Shaded","section":"Shading Mode"},"sceneLighting":false,"audioPlay":false,"sceneViewState":{"showFog":true,"showMaterialUpdate":true,"showSkybox":false,"showFlares":true,"showImageEffects":true,"showParticleSystems":true},"in2DMode":false,"pivot":{"x":21.566713333129884,"y":1.701852560043335,"z":17.030000686645509},"rotation":{"x":0.075251504778862,"y":-0.17408989369869233,"z":0.013343915343284607,"w":0.9817599654197693},"size":1.825669288635254,"orthographic":false}