{"cameraMode":{"drawMode":0,"name":"Shaded","section":"Shading Mode"},"sceneLighting":false,"audioPlay":false,"sceneViewState":{"showFog":true,"showMaterialUpdate":true,"showSkybox":false,"showFlares":true,"showImageEffects":true,"showParticleSystems":true},"in2DMode":false,"pivot":{"x":-0.3852272033691406,"y":-0.0006933212280273438,"z":-0.5097904205322266},"rotation":{"x":0.25670817494392397,"y":0.34808075428009035,"z":-0.09971538186073303,"w":0.8961023688316345},"size":10.584994316101075,"orthographic":false}