{"cameraMode":{"drawMode":0,"name":"Shaded","section":"Shading Mode"},"sceneLighting":false,"audioPlay":false,"sceneViewState":{"showFog":true,"showMaterialUpdate":true,"showSkybox":false,"showFlares":true,"showImageEffects":true,"showParticleSystems":true},"in2DMode":false,"pivot":{"x":-1.9803228378295899,"y":0.09650182723999024,"z":-2.8690786361694338},"rotation":{"x":0.09103162586688996,"y":-0.9050307273864746,"z":0.2460956573486328,"w":0.33477526903152468},"size":5.6959733963012699,"orthographic":false}