{"cameraMode":{"drawMode":0,"name":"Shaded","section":"Shading Mode"},"sceneLighting":false,"audioPlay":false,"sceneViewState":{"showFog":true,"showMaterialUpdate":true,"showSkybox":false,"showFlares":true,"showImageEffects":true,"showParticleSystems":true},"in2DMode":false,"pivot":{"x":20.97291374206543,"y":1.3397221565246583,"z":16.940000534057618},"rotation":{"x":0.075251504778862,"y":-0.17408989369869233,"z":0.013343915343284607,"w":0.9817599654197693},"size":1.920858383178711,"orthographic":false}