{"cameraMode":{"drawMode":0,"name":"Shaded","section":"Shading Mode"},"sceneLighting":false,"audioPlay":false,"sceneViewState":{"showFog":true,"showMaterialUpdate":true,"showSkybox":false,"showFlares":true,"showImageEffects":true,"showParticleSystems":true},"in2DMode":false,"pivot":{"x":6.334741592407227,"y":5.660587310791016,"z":0.8367271423339844},"rotation":{"x":0.27209484577178957,"y":0.22261503338813783,"z":-0.06485837697982788,"w":0.9339184165000916},"size":14.548970222473145,"orthographic":false}