{"cameraMode":{"drawMode":0,"name":"Shaded","section":"Shading Mode"},"sceneLighting":false,"audioPlay":false,"sceneViewState":{"showFog":true,"showMaterialUpdate":true,"showSkybox":false,"showFlares":true,"showImageEffects":true,"showParticleSystems":true},"in2DMode":false,"pivot":{"x":18.623645782470704,"y":-0.10689163208007813,"z":26.047090530395509},"rotation":{"x":0.26041075587272646,"y":-0.5901255011558533,"z":0.20908118784427644,"w":0.7350028157234192},"size":4.200016498565674,"orthographic":false}