{"cameraMode":{"drawMode":0,"name":"Shaded","section":"Shading Mode"},"sceneLighting":false,"audioPlay":false,"sceneViewState":{"showFog":true,"showMaterialUpdate":true,"showSkybox":false,"showFlares":true,"showImageEffects":true,"showParticleSystems":true},"in2DMode":false,"pivot":{"x":9.929791450500489,"y":0.21750962734222413,"z":-1.4675178527832032},"rotation":{"x":0.005983758717775345,"y":0.07343267649412155,"z":-0.0004404028004501015,"w":0.9972835183143616},"size":9.19809341430664,"orthographic":false}