{"cameraMode":{"drawMode":0,"name":"Shaded","section":"Shading Mode"},"sceneLighting":false,"audioPlay":false,"sceneViewState":{"showFog":true,"showMaterialUpdate":true,"showSkybox":false,"showFlares":true,"showImageEffects":true,"showParticleSystems":true},"in2DMode":false,"pivot":{"x":4.310002326965332,"y":-0.043964266777038577,"z":4.733092308044434},"rotation":{"x":-0.9666945934295654,"y":-0.019777121022343637,"z":-0.24272292852401734,"w":0.07876136898994446},"size":4.694472312927246,"orthographic":false}