{"cameraMode":{"drawMode":0,"name":"Shaded","section":"Shading Mode"},"sceneLighting":false,"audioPlay":false,"sceneViewState":{"showFog":true,"showMaterialUpdate":true,"showSkybox":false,"showFlares":true,"showImageEffects":true,"showParticleSystems":true},"in2DMode":false,"pivot":{"x":20.59817886352539,"y":1.6612308025360108,"z":17.192615509033204},"rotation":{"x":0.2755616307258606,"y":0.09210649132728577,"z":-0.026535509154200555,"w":0.9564929008483887},"size":5.224502086639404,"orthographic":false}