{"cameraMode":{"drawMode":0,"name":"Shaded","section":"Shading Mode"},"sceneLighting":false,"audioPlay":false,"sceneViewState":{"showFog":true,"showMaterialUpdate":true,"showSkybox":false,"showFlares":true,"showImageEffects":true,"showParticleSystems":true},"in2DMode":false,"pivot":{"x":9.887331008911133,"y":8.593412399291993,"z":1.1335086822509766},"rotation":{"x":0.27209484577178957,"y":0.22261503338813783,"z":-0.06485837697982788,"w":0.9339184165000916},"size":8.598678588867188,"orthographic":false}