{"cameraMode":{"drawMode":0,"name":"Shaded","section":"Shading Mode"},"sceneLighting":false,"audioPlay":false,"sceneViewState":{"showFog":true,"showMaterialUpdate":true,"showSkybox":false,"showFlares":true,"showImageEffects":true,"showParticleSystems":true},"in2DMode":false,"pivot":{"x":4.246391773223877,"y":3.3875646591186525,"z":5.007598876953125},"rotation":{"x":-0.7044070363044739,"y":0.05408871918916702,"z":0.05399349704384804,"w":0.7056731581687927},"size":2.485649347305298,"orthographic":false}