{"cameraMode":{"drawMode":0,"name":"Shaded","section":"Shading Mode"},"sceneLighting":false,"audioPlay":false,"sceneViewState":{"showFog":true,"showMaterialUpdate":true,"showSkybox":false,"showFlares":true,"showImageEffects":true,"showParticleSystems":true},"in2DMode":false,"pivot":{"x":22.168888092041017,"y":0.30185508728027346,"z":15.45931625366211},"rotation":{"x":0.16491177678108216,"y":0.7430956363677979,"z":-0.19847536087036134,"w":0.6174328327178955},"size":4.293057441711426,"orthographic":false}