{"cameraMode":{"drawMode":0,"name":"Shaded","section":"Shading Mode"},"sceneLighting":false,"audioPlay":false,"sceneViewState":{"showFog":true,"showMaterialUpdate":true,"showSkybox":false,"showFlares":true,"showImageEffects":true,"showParticleSystems":true},"in2DMode":false,"pivot":{"x":29.362876892089845,"y":38.816673278808597,"z":9.585426330566407},"rotation":{"x":0.27209484577178957,"y":0.22261503338813783,"z":-0.06485837697982788,"w":0.9339184165000916},"size":38.1319580078125,"orthographic":false}