{"cameraMode":{"drawMode":0,"name":"Shaded","section":"Shading Mode"},"sceneLighting":false,"audioPlay":false,"sceneViewState":{"showFog":true,"showMaterialUpdate":true,"showSkybox":false,"showFlares":true,"showImageEffects":true,"showParticleSystems":true},"in2DMode":false,"pivot":{"x":0.5551571846008301,"y":0.6259545683860779,"z":-1.2427153587341309},"rotation":{"x":-0.9666945934295654,"y":-0.019777121022343637,"z":-0.24272292852401734,"w":0.07876136898994446},"size":2.002384901046753,"orthographic":false}