{"cameraMode":{"drawMode":0,"name":"Shaded","section":"Shading Mode"},"sceneLighting":false,"audioPlay":false,"sceneViewState":{"showFog":true,"showMaterialUpdate":true,"showSkybox":false,"showFlares":true,"showImageEffects":true,"showParticleSystems":true},"in2DMode":false,"pivot":{"x":10.363849639892579,"y":-1.9491982460021973,"z":-1.5580863952636719},"rotation":{"x":0.005983758717775345,"y":0.07343267649412155,"z":-0.0004404028004501015,"w":0.9972835183143616},"size":8.837162971496582,"orthographic":false}