{"cameraMode":{"drawMode":0,"name":"Shaded","section":"Shading Mode"},"sceneLighting":false,"audioPlay":false,"sceneViewState":{"showFog":true,"showMaterialUpdate":true,"showSkybox":false,"showFlares":true,"showImageEffects":true,"showParticleSystems":true},"in2DMode":false,"pivot":{"x":5.24334716796875,"y":19.313480377197267,"z":-10.184318542480469},"rotation":{"x":0.27209484577178957,"y":0.22261503338813783,"z":-0.06485837697982788,"w":0.9339184165000916},"size":10.0,"orthographic":false}