{"cameraMode":{"drawMode":0,"name":"Shaded","section":"Shading Mode"},"sceneLighting":false,"audioPlay":false,"sceneViewState":{"showFog":true,"showMaterialUpdate":true,"showSkybox":false,"showFlares":true,"showImageEffects":true,"showParticleSystems":true},"in2DMode":false,"pivot":{"x":4.463907241821289,"y":4.07157039642334,"z":4.748398780822754},"rotation":{"x":-0.700244665145874,"y":-0.07651808112859726,"z":-0.07591954618692398,"w":0.7057239413261414},"size":1.2856494188308716,"orthographic":false}