{"cameraMode":{"drawMode":0,"name":"Shaded","section":"Shading Mode"},"sceneLighting":false,"audioPlay":false,"sceneViewState":{"showFog":true,"showMaterialUpdate":true,"showSkybox":false,"showFlares":true,"showImageEffects":true,"showParticleSystems":true},"in2DMode":false,"pivot":{"x":-52.07561492919922,"y":-14.091596603393555,"z":7.541259765625},"rotation":{"x":0.005983758717775345,"y":0.07343267649412155,"z":-0.0004404028004501015,"w":0.9972835183143616},"size":185.99940490722657,"orthographic":false}