{"cameraMode":{"drawMode":0,"name":"Shaded","section":"Shading Mode"},"sceneLighting":false,"audioPlay":false,"sceneViewState":{"showFog":true,"showMaterialUpdate":true,"showSkybox":false,"showFlares":true,"showImageEffects":true,"showParticleSystems":true},"in2DMode":false,"pivot":{"x":0.4590775966644287,"y":1.0782676935195923,"z":-0.13565820455551148},"rotation":{"x":0.03226220980286598,"y":0.6394369006156921,"z":-0.026872163638472558,"w":0.7676962018013},"size":1.8116161823272706,"orthographic":false}