{"cameraMode":{"drawMode":0,"name":"Shaded","section":"Shading Mode"},"sceneLighting":false,"audioPlay":false,"sceneViewState":{"showFog":true,"showMaterialUpdate":true,"showSkybox":false,"showFlares":true,"showImageEffects":true,"showParticleSystems":true},"in2DMode":false,"pivot":{"x":-0.34430253505706789,"y":-0.1428591012954712,"z":0.15188786387443543},"rotation":{"x":0.27209484577178957,"y":0.22261503338813783,"z":-0.06485837697982788,"w":0.9339184165000916},"size":5.55892276763916,"orthographic":false}